## 1. Установить MySQL на VM.
---
	vanadiy@ubn:~$ sudo apt install mysql-server -y
	vanadiy@ubn:~$ mysql --version 
	mysql  Ver 8.0.28-0ubuntu4 for Linux on x86_64 ((Ubuntu))
---

## 2-3. Настроить Multi-Primary репликацию для MySQL на 2 VM согласно инструкции. Создать схему БД clinic и наполнить её данными используя скрипты из https://github.com/tms-dos17-onl/_sandbox/tree/main/lecture18/mysql/initdb.d/data.
---
	vanadiy@vanadiy:~$ sudo mysql_secure_installation
	mysql> SELECT UUID();
	+--------------------------------------+
	| UUID()                               |
	+--------------------------------------+
	| d93aaea4-5261-11ee-a70b-083e8e871a77 |
	+--------------------------------------+
	1 row in set (0.20 sec)
	vanadiy@vanadiy:~$ sudo nano /etc/mysql/my.cnf
	!includedir /etc/mysql/conf.d/
	!includedir /etc/mysql/mysql.conf.d/

	[mysqld]

	server_id=1 
	bind-address=0.0.0.0
	gtid_mode=ON 
	enforce_gtid_consistency=ON
	binlog_checksum=NONE

	plugin_load_add='group_replication.so'
	group_replication_single_primary_mode=OFF
	loose-group_replication_group_name="baa0facf-522c-11ee-a22d-5ce56756795c"
	loose-group_replication_start_on_boot=OFF
	loose-group_replication_local_address= "192.168.100.7:33061"
	loose-group_replication_group_seeds="192.168.100.7:33061, 192.168.100.5:33061"
	loose-group_replication_bootstrap_group=OFF
	report_host=192.168.100.7
	vanadiy@vanadiy:~$ sudo systemctl restart mysql.service
	vanadiy@vanadiy:~$ sudo mysql -u root -p
	SET SQL_LOG_BIN=0;
	mysql> CREATE USER 'replication_user'@'%' IDENTIFIED WITH mysql_native_password BY '$18062010Fhntv$';
	Query OK, 0 rows affected (0.09 sec)
	mysql> GRANT REPLICATION SLAVE ON *.* TO 'replication_user'@'%';
	Query OK, 0 rows affected (0.12 sec)
	mysql> FLUSH PRIVILEGES;
	Query OK, 0 rows affected (0.03 sec)

	mysql> SET SQL_LOG_BIN=1;
	Query OK, 0 rows affected (0.16 sec)

	mysql> CHANGE MASTER TO MASTER_USER='replication_user', MASTER_PASSWORD='$18062010Fhntv$' FOR CHANNEL 'group_replication_reco
	very';
	Query OK, 0 rows affected, 5 warnings (0.92 sec)
	mysql> SET GLOBAL group_replication_bootstrap_group=ON;
	Query OK, 0 rows affected (0.00 sec)

	mysql> START GROUP_REPLICATION;
	Query OK, 0 rows affected (4.13 sec)

	mysql> SET GLOBAL group_replication_bootstrap_group=OFF;
	Query OK, 0 rows affected (0.00 sec)
	mysql> SELECT MEMBER_ID, MEMBER_HOST, MEMBER_STATE FROM performance_schema.replication_group_members;
	+--------------------------------------+-------------+--------------+
	| MEMBER_ID                            | MEMBER_HOST | MEMBER_STATE |
	+--------------------------------------+-------------+--------------+
	| 5c936049-520d-11ee-b944-083e8e871a77 | 192.168.100.7| ONLINE      |
	+--------------------------------------+-------------+--------------+
	1 row in set (0.10 sec)

	mysql> source /home/vanadiy/Downloads/schema.sql
	Query OK, 0 rows affected (0.09 sec)

	Query OK, 1 row affected (0.44 sec)

	Database changed
	Query OK, 0 rows affected (1.88 sec)

	Query OK, 0 rows affected (0.75 sec)

	Query OK, 0 rows affected (0.68 sec)

	Query OK, 0 rows affected (1.15 sec)

	Query OK, 0 rows affected (0.90 sec)

	Query OK, 0 rows affected (1.21 sec)

	Query OK, 0 rows affected (0.46 sec)

	Query OK, 0 rows affected (0.00 sec)
	mysql> use clinic
	Reading table information for completion of table and column names
	You can turn off this feature to get a quicker startup with -A

	Database changed
	mysql> SHOW TABLES;
	+------------------+
	| Tables_in_clinic |
	+------------------+
	| Appointment      |
	| Department       |
	| Doctor           |
	| Job              |
	| Patient          |
	| Room             |
	+------------------+
	6 rows in set (0.01 sec)
	mysql> source /home/vanadiy/Downloads/data.sql
	
	Настройки на VM сделал. Основная машина хостовая с Ubuntu
	
	!includedir /etc/mysql/conf.d/
	!includedir /etc/mysql/mysql.conf.d/

	[mysqld]

        server_id=2 
        bind-address=0.0.0.0
        gtid_mode=ON 
        enforce_gtid_consistency=ON
        binlog_checksum=NONE

        plugin_load_add='group_replication.so'
        group_replication_single_primary_mode=OFF
        loose-group_replication_group_name="5c936049-520d-11ee-b944-083e8e871a77"
        loose-group_replication_start_on_boot=OFF
        loose-group_replication_local_address= "192.168.100.5:33061"
        loose-group_replication_group_seeds="192.168.100.7:33061, 192.168.100.5:33061"
        loose-group_replication_bootstrap_group=OFF
        report_host=192.168.100.5
	mysql> SELECT MEMBER_ID, MEMBER_HOST, MEMBER_STATE FROM performance_schema.replication_group_members;
	+--------------------------------------+---------------+--------------+
	| MEMBER_ID                            | MEMBER_HOST   | MEMBER_STATE |
	+--------------------------------------+---------------+--------------+
	| 68a17bf7-525f-11ee-9f93-083e8e871a77 | 192.168.100.7 | ONLINE       |
	| b8829bfa-5260-11ee-be4d-0800275b78d1 | 192.168.100.5 | RECOVERING   |
	+--------------------------------------+---------------+--------------+
	2 rows in set (0.25 sec)
	mysql> SHOW databases;
	+--------------------+
	| Database           |
	+--------------------+
	| clinic             |
	| information_schema |
	| mysql              |
	| performance_schema |
	| sys                |
	+--------------------+
	5 rows in set (0.11 sec)
---

## 4. Создать бэкап базы данных clinic.
---
	vanadiy@vanadiy:~$ mysqldump -u root -p clinic > my_db-dump_clinic.sql
	vanadiy@vanadiy:~$ ls -la ./my_db-dump_clinic.sql 
	-rw-rw-r-- 1 vanadiy vanadiy 6470 Sep 13 21:46 ./my_db-dump_clinic.sql
---

## 5. 5. Написать следующие SQL запросы:
- Вывести всех врачей, работающих в терапевтическом отделении.
- Вывести в каких отделениях побывал каждый пациент.
- Обновить дату приёма для пациента Ивана Иванова на 2022-02-09.
- Удалить врача Андрея Быкова и все его приёмы.
- Добавить нового врача Фила Ричардса и новую пациентку Василису Васильеву и записать её к Филу Ричардсу на приём на 2022-02-14.
---
	mysql> SELECT FirstName, LastName FROM Doctor d JOIN Job j ON d.id=j.Doctor_id JOIN Department dep ON j.Department_id=dep.id
	WHERE dep.name='Терапевтический';
	+----------------+--------------------+
	| FirstName      | LastName           |
	+----------------+--------------------+
	| Андрей         | Быков              |
	| Варвара        | Черноус            |
	| Глеб           | Романенко          |
	| Семён          | Лобанов            |
	+----------------+--------------------+
	4 rows in set (0.02 sec)

	mysql> SELECT Patient.FirstName, Patient.LastName, Department.Name FROM Patient JOIN Appointment ON Patient.id = Appointment.Patient_id JOIN Room ON Appointment.Room_id = Room.id JOIN Department ON Room.Department_id = Department.id;
	+------------+------------------+---------------------------------------------+
	| FirstName  | LastName         | Name                                        |
	+------------+------------------+---------------------------------------------+
	| Сидор      | Сидоров          | Терапевтический                             |
	| Анна       | Семёнова         | Терапевтический                             |
	| Елена      | Попова           | Терапевтический                             |
	| Иван       | Иванов           | Кожно-венерологический                      |
	| Пётр       | Петров           | Кожно-венерологический                      |
	+------------+------------------+---------------------------------------------+
	5 rows in set (0.01 sec)

	mysql> UPDATE Appointment SET Appointment.Date = '22-02-09 12:00:00' WHERE Appointment.Patient_id IN (SELECT id from Patient
	WHERE LastName = 'Иванов' AND FirstName = 'Иван');
	Query OK, 1 row affected (0.09 sec)
	Rows matched: 1  Changed: 1  Warnings: 0

	mysql> SELECT * FROM Appointment;
	+----+---------------------+------------+-----------+---------+
	| id | Date                | Patient_id | Doctor_id | Room_id |
	+----+---------------------+------------+-----------+---------+
	|  1 | 2022-01-08 00:00:00 |          5 |         1 |       5 |
	|  2 | 2022-01-09 00:00:00 |          3 |         2 |       1 |
	|  3 | 2022-02-09 12:00:00 |          1 |         3 |       4 |
	|  4 | 2022-02-01 00:00:00 |          2 |         4 |       3 |
	|  5 | 2022-02-03 00:00:00 |          4 |         5 |       2 |
	+----+---------------------+------------+-----------+---------+
	5 rows in set (0.00 sec)

	mysql> SET FOREIGN_KEY_CHECKS=0;
	Query OK, 0 rows affected (0.00 sec)

	mysql> DELETE from  Doctor, Appointment using Doctor inner join Appointment on  Doctor.id = Appointment.Doctor_id where Doctor.id=1;
	Query OK, 2 rows affected (0.09 sec)

	mysql> SELECT * FROM Appointment;
	+----+---------------------+------------+-----------+---------+
	| id | Date                | Patient_id | Doctor_id | Room_id |
	+----+---------------------+------------+-----------+---------+
	|  2 | 2022-01-09 00:00:00 |          3 |         2 |       1 |
	|  3 | 2022-02-09 12:00:00 |          1 |         3 |       4 |
	|  4 | 2022-02-01 00:00:00 |          2 |         4 |       3 |
	|  5 | 2022-02-03 00:00:00 |          4 |         5 |       2 |
	+----+---------------------+------------+-----------+---------+
	4 rows in set (0.00 sec)

	mysql> SELECT * FROM Doctor;
	+----+----------------+--------------------+---------------+-----------------------------+------------+
	| id | FirstName      | LastName           | Telephone     | Email                       | BirthDate  |
	+----+----------------+--------------------+---------------+-----------------------------+------------+
	|  2 | Иван           | Купитман           | +37529XXXXXXX | ivan.kupitman@clinic.com    | 1963-03-13 |
	|  3 | Дмитрий        | Левин              | +37529XXXXXXX | dmitry.levin@clinic.com     | 1986-01-15 |
	|  4 | Варвара        | Черноус            | +37529XXXXXXX | varvara.chernous@clinic.com | 1988-04-14 |
	|  5 | Глеб           | Романенко          | +37529XXXXXXX | gleb.romanenko@clinic.com   | 1984-09-19 |
	|  6 | Семён          | Лобанов            | +37529XXXXXXX | semen.lobanoff@clinic.com   | 1983-11-22 |
	+----+----------------+--------------------+---------------+-----------------------------+------------+
	5 rows in set (0.00 sec)
	Можно пересоздать таблицы с изменениями и попробовать каскадное удаление (FOREIGN KEY(Doctor_id) REFERENCES Doctor(id) ON DELETE CASCADE)
	
	mysql> INSERT INTO Doctor VALUE (1, 'Филл', 'Ричардс', '+375338585855', 'inof@clinic.com', '1987-07-11');
	Query OK, 1 row affected (0.12 sec)

	mysql> SELECT * FROM Doctor;
	+----+----------------+--------------------+---------------+-----------------------------+------------+
	| id | FirstName      | LastName           | Telephone     | Email                       | BirthDate  |
	+----+----------------+--------------------+---------------+-----------------------------+------------+
	|  1 | Филл           | Ричардс            | +375338585855 | inof@clinic.com             | 1987-07-11 |
	|  2 | Иван           | Купитман           | +37529XXXXXXX | ivan.kupitman@clinic.com    | 1963-03-13 |
	|  3 | Дмитрий        | Левин              | +37529XXXXXXX | dmitry.levin@clinic.com     | 1986-01-15 |
	|  4 | Варвара        | Черноус            | +37529XXXXXXX | varvara.chernous@clinic.com | 1988-04-14 |
	|  5 | Глеб           | Романенко          | +37529XXXXXXX | gleb.romanenko@clinic.com   | 1984-09-19 |
	|  6 | Семён          | Лобанов            | +37529XXXXXXX | semen.lobanoff@clinic.com   | 1983-11-22 |
	+----+----------------+--------------------+---------------+-----------------------------+------------+
	6 rows in set (0.00 sec)
	
	mysql> INSERT INTO Patient VALUE (6, 'Василиса', 'Васильева', '1987-07-11', 'Бухляндия', '+375333333333', 'foret@mail.com');
	Query OK, 1 row affected (0.08 sec)

	mysql> SELECT * FROM Patient;
	+----+------------------+--------------------+------------+--------------------------------+---------------+---------------------------+
	| id | FirstName        | LastName           | BirthDate  | Address                        | Telephone     | Email                     |
	+----+------------------+--------------------+------------+--------------------------------+---------------+---------------------------+
	|  1 | Иван             | Иванов             | 1991-01-01 | Тилимилитрямдия                | +37517XXXXXXX | ivan.ivanov@example.com   |
	|  2 | Елена            | Попова             | 1992-02-02 | Тилимилитрямдия                | +37525XXXXXXX | elena.popova@example.com  |
	|  3 | Сидор            | Сидоров            | 1993-03-03 | Тилимилитрямдия                | +37529XXXXXXX | ivan.ivanov@example.com   |
	|  4 | Анна             | Семёнова           | 1994-04-04 | Тилимилитрямдия                | +37533XXXXXXX | anna.semenova@example.com |
	|  5 | Пётр             | Петров             | 1995-05-05 | Тилимилитрямдия                | +37544XXXXXXX | petr.petrov@example.com   |
	|  6 | Василиса         | Васильева          | 1987-07-11 | Бухляндия                      | +375333333333 | foret@mail.com            |
	+----+------------------+--------------------+------------+--------------------------------+---------------+---------------------------+
	6 rows in set (0.00 sec)
	
	mysql> INSERT INTO Appointment VALUE (1, '2022-02-14', 6, 1, 1);
	Query OK, 1 row affected (0.10 sec)

	mysql> SELECT * FROM Appointment;
	+----+---------------------+------------+-----------+---------+
	| id | Date                | Patient_id | Doctor_id | Room_id |
	+----+---------------------+------------+-----------+---------+
	|  1 | 2022-02-14 00:00:00 |          6 |         1 |       1 |
	|  2 | 2022-01-09 00:00:00 |          3 |         2 |       1 |
	|  3 | 2022-02-09 12:00:00 |          1 |         3 |       4 |
	|  4 | 2022-02-01 00:00:00 |          2 |         4 |       3 |
	|  5 | 2022-02-03 00:00:00 |          4 |         5 |       2 |
	+----+---------------------+------------+-----------+---------+
	5 rows in set (0.00 sec)
---

## 6. Восстановить базу данных clinic из бэкапа и проверить, что данные соответствуют состоянию базы данных до внесенных в предыдущем задании изменений
---
	vanadiy@vanadiy:~$ sudo mysqldump -u root -p clinic < my_db-dump_clinic.sql 
	Enter password: 
	-- MySQL dump 10.13  Distrib 8.0.34, for Linux (x86_64)
	--
	-- Host: localhost    Database: clinic
	-- ------------------------------------------------------
	-- Server version	8.0.34-0ubuntu0.22.04.1

	/*!40101 SET @OLD_CHARACTER_SET_CLIENT=@@CHARACTER_SET_CLIENT */;
	/*!40101 SET @OLD_CHARACTER_SET_RESULTS=@@CHARACTER_SET_RESULTS */;
	/*!40101 SET @OLD_COLLATION_CONNECTION=@@COLLATION_CONNECTION */;
	/*!50503 SET NAMES utf8mb4 */;
	/*!40103 SET @OLD_TIME_ZONE=@@TIME_ZONE */;
	/*!40103 SET TIME_ZONE='+00:00' */;
	/*!40014 SET @OLD_UNIQUE_CHECKS=@@UNIQUE_CHECKS, UNIQUE_CHECKS=0 */;
	/*!40014 SET @OLD_FOREIGN_KEY_CHECKS=@@FOREIGN_KEY_CHECKS, FOREIGN_KEY_CHECKS=0 */;
	/*!40101 SET @OLD_SQL_MODE=@@SQL_MODE, SQL_MODE='NO_AUTO_VALUE_ON_ZERO' */;
	/*!40111 SET @OLD_SQL_NOTES=@@SQL_NOTES, SQL_NOTES=0 */;
	Warning: A partial dump from a server that has GTIDs will by default include the GTIDs of all transactions, even those that changed suppressed parts of the database. If you don't want to restore GTIDs, pass --set-gtid-purged=OFF. To make a complete dump, pass --all-databases --triggers --routines --events. 
	Warning: A dump from a server that has GTIDs enabled will by default include the GTIDs of all transactions, even those that were executed during its extraction and might not be represented in the dumped data. This might result in an inconsistent data dump. 
	In order to ensure a consistent backup of the database, pass --single-transaction or --lock-all-tables or --master-data. 
	SET @MYSQLDUMP_TEMP_LOG_BIN = @@SESSION.SQL_LOG_BIN;
	SET @@SESSION.SQL_LOG_BIN= 0;

	--
	-- GTID state at the beginning of the backup 
	--

	SET @@GLOBAL.GTID_PURGED=/*!80000 '+'*/ 'd93aaea4-5261-11ee-a70b-083e8e871a77:1-16';

	--
	-- Table structure for table `Appointment`
	--

	DROP TABLE IF EXISTS `Appointment`;
	/*!40101 SET @saved_cs_client     = @@character_set_client */;
	/*!50503 SET character_set_client = utf8mb4 */;
	CREATE TABLE `Appointment` (
	  `id` int NOT NULL,
	  `Date` datetime NOT NULL,
	  `Patient_id` int NOT NULL,
	  `Doctor_id` int NOT NULL,
	  `Room_id` int NOT NULL,
	  PRIMARY KEY (`id`),
	  KEY `Doctor_id` (`Doctor_id`),
	  KEY `Room_id` (`Room_id`),
	  KEY `Patient_id` (`Patient_id`),
	  CONSTRAINT `Appointment_ibfk_1` FOREIGN KEY (`Doctor_id`) REFERENCES `Doctor` (`id`),
	  CONSTRAINT `Appointment_ibfk_2` FOREIGN KEY (`Room_id`) REFERENCES `Room` (`id`),
	  CONSTRAINT `Appointment_ibfk_3` FOREIGN KEY (`Patient_id`) REFERENCES `Patient` (`id`)
	) ENGINE=InnoDB DEFAULT CHARSET=utf8mb4 COLLATE=utf8mb4_0900_ai_ci;
	/*!40101 SET character_set_client = @saved_cs_client */;
	
	--
	-- Dumping data for table `Appointment`
	--

	LOCK TABLES `Appointment` WRITE;
	/*!40000 ALTER TABLE `Appointment` DISABLE KEYS */;
	INSERT INTO `Appointment` VALUES (1,'2022-02-14 00:00:00',6,1,1),(2,'2022-01-09 00:00:00',3,2,1),(3,'2022-02-09 12:00:00',1,3,4),(4,'2022-02-01 00:00:00',2,4,3),(5,'2022-02-03 00:00:00',4,5,2);
	/*!40000 ALTER TABLE `Appointment` ENABLE KEYS */;
	UNLOCK TABLES;

	--
	-- Table structure for table `Department`
	--

	DROP TABLE IF EXISTS `Department`;
	/*!40101 SET @saved_cs_client     = @@character_set_client */;
	/*!50503 SET character_set_client = utf8mb4 */;
	CREATE TABLE `Department` (
	  `id` int NOT NULL,
	  `Name` varchar(100) NOT NULL,
	  `Telephone` varchar(100) NOT NULL,
	  `Email` varchar(100) DEFAULT NULL,
	  PRIMARY KEY (`id`)
	) ENGINE=InnoDB DEFAULT CHARSET=utf8mb4 COLLATE=utf8mb4_0900_ai_ci;
	/*!40101 SET character_set_client = @saved_cs_client */;

	--
	-- Dumping data for table `Department`
	--

	LOCK TABLES `Department` WRITE;
	/*!40000 ALTER TABLE `Department` DISABLE KEYS */;
	INSERT INTO `Department` VALUES (1,'Терапевтический','+37529XXXXXXX','therapeutic@clinic.com'),(2,'Кожно-венерологический','+37529XXXXXXX','dermatovenerological@clinic.com');
	/*!40000 ALTER TABLE `Department` ENABLE KEYS */;
	UNLOCK TABLES;

	--
	-- Table structure for table `Doctor`
	--

	DROP TABLE IF EXISTS `Doctor`;
	/*!40101 SET @saved_cs_client     = @@character_set_client */;
	/*!50503 SET character_set_client = utf8mb4 */;
	CREATE TABLE `Doctor` (
	  `id` int NOT NULL,
	  `FirstName` varchar(100) NOT NULL,
	  `LastName` varchar(100) NOT NULL,
	  `Telephone` varchar(100) NOT NULL,
	  `Email` varchar(100) NOT NULL,
	  `BirthDate` date NOT NULL,
	  PRIMARY KEY (`id`)
	) ENGINE=InnoDB DEFAULT CHARSET=utf8mb4 COLLATE=utf8mb4_0900_ai_ci;
	/*!40101 SET character_set_client = @saved_cs_client */;

	--
	-- Dumping data for table `Doctor`
	--

	LOCK TABLES `Doctor` WRITE;
	/*!40000 ALTER TABLE `Doctor` DISABLE KEYS */;
	INSERT INTO `Doctor` VALUES (1,'Филл','Ричардс','+375338585855','inof@clinic.com','1987-07-11'),(2,'Иван','Купитман','+37529XXXXXXX','ivan.kupitman@clinic.com','1963-03-13'),(3,'Дмитрий','Левин','+37529XXXXXXX','dmitry.levin@clinic.com','1986-01-15'),(4,'Варвара','Черноус','+37529XXXXXXX','varvara.chernous@clinic.com','1988-04-14'),(5,'Глеб','Романенко','+37529XXXXXXX','gleb.romanenko@clinic.com','1984-09-19'),(6,'Семён','Лобанов','+37529XXXXXXX','semen.lobanoff@clinic.com','1983-11-22');
	/*!40000 ALTER TABLE `Doctor` ENABLE KEYS */;
	UNLOCK TABLES;

	--
	-- Table structure for table `Job`
	--

	DROP TABLE IF EXISTS `Job`;
	/*!40101 SET @saved_cs_client     = @@character_set_client */;
	/*!50503 SET character_set_client = utf8mb4 */;
	CREATE TABLE `Job` (
	  `id` int NOT NULL,
	  `Title` varchar(200) NOT NULL,
	  `StartDate` date NOT NULL,
	  `EndDate` date NOT NULL,
	  `Department_id` int NOT NULL,
	  `Doctor_id` int NOT NULL,
	  PRIMARY KEY (`id`),
	  KEY `Doctor_id` (`Doctor_id`),
	  KEY `Department_id` (`Department_id`),
	  CONSTRAINT `Job_ibfk_1` FOREIGN KEY (`Doctor_id`) REFERENCES `Doctor` (`id`),
	  CONSTRAINT `Job_ibfk_2` FOREIGN KEY (`Department_id`) REFERENCES `Department` (`id`)
	) ENGINE=InnoDB DEFAULT CHARSET=utf8mb4 COLLATE=utf8mb4_0900_ai_ci;
	/*!40101 SET character_set_client = @saved_cs_client */;

	--
	-- Dumping data for table `Job`
	--

	LOCK TABLES `Job` WRITE;
	/*!40000 ALTER TABLE `Job` DISABLE KEYS */;
	INSERT INTO `Job` VALUES (1,'Заведующий','2010-01-01','2025-01-01',1,1),(2,'Заведующий','2005-01-01','2025-01-01',2,2),(3,'Врач 1-й категории','2020-01-01','2025-01-01',2,3),(4,'Врач 2-й категории','2020-01-01','2025-01-01',1,4),(5,'Врач 2-й категории','2020-01-01','2025-01-01',1,5),(6,'Врач 2-й категории','2020-01-01','2025-01-01',1,6);
	/*!40000 ALTER TABLE `Job` ENABLE KEYS */;
	UNLOCK TABLES;

	--
	-- Table structure for table `Patient`
	--

	DROP TABLE IF EXISTS `Patient`;
	/*!40101 SET @saved_cs_client     = @@character_set_client */;
	/*!50503 SET character_set_client = utf8mb4 */;
	CREATE TABLE `Patient` (
	  `id` int NOT NULL,
	  `FirstName` varchar(100) NOT NULL,
	  `LastName` varchar(100) NOT NULL,
	  `BirthDate` date NOT NULL,
	  `Address` varchar(100) DEFAULT NULL,
	  `Telephone` varchar(100) DEFAULT NULL,
	  `Email` varchar(100) DEFAULT NULL,
	  PRIMARY KEY (`id`)
	) ENGINE=InnoDB DEFAULT CHARSET=utf8mb4 COLLATE=utf8mb4_0900_ai_ci;
	/*!40101 SET character_set_client = @saved_cs_client */;

	--
	-- Dumping data for table `Patient`
	--

	LOCK TABLES `Patient` WRITE;
	/*!40000 ALTER TABLE `Patient` DISABLE KEYS */;
	INSERT INTO `Patient` VALUES (1,'Иван','Иванов','1991-01-01','Тилимилитрямдия','+37517XXXXXXX','ivan.ivanov@example.com'),(2,'Елена','Попова','1992-02-02','Тилимилитрямдия','+37525XXXXXXX','elena.popova@example.com'),(3,'Сидор','Сидоров','1993-03-03','Тилимилитрямдия','+37529XXXXXXX','ivan.ivanov@example.com'),(4,'Анна','Семёнова','1994-04-04','Тилимилитрямдия','+37533XXXXXXX','anna.semenova@example.com'),(5,'Пётр','Петров','1995-05-05','Тилимилитрямдия','+37544XXXXXXX','petr.petrov@example.com'),(6,'Василиса','Васильева','1987-07-11','Бухляндия','+375333333333','foret@mail.com');
	/*!40000 ALTER TABLE `Patient` ENABLE KEYS */;
	UNLOCK TABLES;

	--
	-- Table structure for table `Room`
	--

	DROP TABLE IF EXISTS `Room`;
	/*!40101 SET @saved_cs_client     = @@character_set_client */;
	/*!50503 SET character_set_client = utf8mb4 */;
	CREATE TABLE `Room` (
	  `id` int NOT NULL,
	  `Department_id` int NOT NULL,
	  `Number` int NOT NULL,
	  PRIMARY KEY (`id`),
	  KEY `Department_id` (`Department_id`),
	  CONSTRAINT `Room_ibfk_1` FOREIGN KEY (`Department_id`) REFERENCES `Department` (`id`)
	) ENGINE=InnoDB DEFAULT CHARSET=utf8mb4 COLLATE=utf8mb4_0900_ai_ci;
	/*!40101 SET character_set_client = @saved_cs_client */;
	
	--
	-- Dumping data for table `Room`
	--

	LOCK TABLES `Room` WRITE;
	/*!40000 ALTER TABLE `Room` DISABLE KEYS */;
	INSERT INTO `Room` VALUES (1,1,101),(2,1,102),(3,1,104),(4,2,201),(5,2,202);
	/*!40000 ALTER TABLE `Room` ENABLE KEYS */;
	UNLOCK TABLES;
	SET @@SESSION.SQL_LOG_BIN = @MYSQLDUMP_TEMP_LOG_BIN;
	/*!40103 SET TIME_ZONE=@OLD_TIME_ZONE */;

	/*!40101 SET SQL_MODE=@OLD_SQL_MODE */;
	/*!40014 SET FOREIGN_KEY_CHECKS=@OLD_FOREIGN_KEY_CHECKS */;
	/*!40014 SET UNIQUE_CHECKS=@OLD_UNIQUE_CHECKS */;
	/*!40101 SET CHARACTER_SET_CLIENT=@OLD_CHARACTER_SET_CLIENT */;
	/*!40101 SET CHARACTER_SET_RESULTS=@OLD_CHARACTER_SET_RESULTS */;
	/*!40101 SET COLLATION_CONNECTION=@OLD_COLLATION_CONNECTION */;
	/*!40111 SET SQL_NOTES=@OLD_SQL_NOTES */;

	-- Dump completed on 2023-09-14 14:04:28

	vanadiy@vanadiy:~$ sudo mysql -u root -p
	mysql> use clinic
	Reading table information for completion of table and column names
	You can turn off this feature to get a quicker startup with -A

	Database changed
	mysql> SHOW TABLES;
	+------------------+
	| Tables_in_clinic |
	+------------------+
	| Appointment      |
	| Department       |
	| Doctor           |
	| Job              |
	| Patient          |
	| Room             |
	+------------------+
	6 rows in set (0.00 sec)

	mysql> select * from Doctor
	    -> ;
	+----+----------------+--------------------+---------------+-----------------------------+------------+
	| id | FirstName      | LastName           | Telephone     | Email                       | BirthDate  |
	+----+----------------+--------------------+---------------+-----------------------------+------------+
	|  1 | Филл           | Ричардс            | +375338585855 | inof@clinic.com             | 1987-07-11 |
	|  2 | Иван           | Купитман           | +37529XXXXXXX | ivan.kupitman@clinic.com    | 1963-03-13 |
	|  3 | Дмитрий        | Левин              | +37529XXXXXXX | dmitry.levin@clinic.com     | 1986-01-15 |
	|  4 | Варвара        | Черноус            | +37529XXXXXXX | varvara.chernous@clinic.com | 1988-04-14 |
	|  5 | Глеб           | Романенко          | +37529XXXXXXX | gleb.romanenko@clinic.com   | 1984-09-19 |
	|  6 | Семён          | Лобанов            | +37529XXXXXXX | semen.lobanoff@clinic.com   | 1983-11-22 |
	+----+----------------+--------------------+---------------+-----------------------------+------------+
	6 rows in set (0.01 sec)
---

## 7. Установить MongoDB.
---
	anadiy@ubn2:~$ curl -fsSL https://www.mongodb.org/static/pgp/server-6.0.asc|sudo gpg --dearmor -o /etc/apt/trusted.gpg.d/mongodb-6.gpg
	vanadiy@ubn2:~$ echo "deb [ arch=amd64,arm64 ] https://repo.mongodb.org/apt/ubuntu $(lsb_release -cs)/mongodb-org/6.0 multiverse" | sudo tee /etc/apt/sources.list.d/mongodb-org-6.0.list
	deb [ arch=amd64,arm64 ] https://repo.mongodb.org/apt/ubuntu jammy/mongodb-org/6.0 multiverse
	vanadiy@ubn2:~$ sudo apt update
	vanadiy@ubn2:~$ curl -fsSL https://www.mongodb.org/static/pgp/server-4.4.asc | sudo apt-key add -
	vanadiy@ubn2:~$ sudo apt install mongodb-org
---

## 8. Создать БД clinic и наполнить её данными используя скрипты из https://github.com/tms-dos17-onl/_sandbox/tree/main/lecture18/mongo/initdb.d.
---
	test> load("/home/vanadiy/schema.js");
	true
	test> use clinic
	switched to db clinic
	clinic> load("/home/vanadiy/data.js");
	true
---

## 9. Написать выборочно 3 запроса из задания 5 для MongoDB используя mongosh команды.
---
	clinic> db.doctor.insertOne({"id": 7, "Email": "Fill.Rich@clinic.com", "LastName": "Ричардс", "BirthDate": "1987-11-22", "FirstName": "Филл", "Telephone": "+37529XXXXXXX" })
	{
	  acknowledged: true,
	  insertedId: ObjectId("6506cd1420a29e2722bfccf8")
	}

	clinic> db.patient.insertOne({"id": 6, "Email": "Vasia@example.com", "Address": "Тилимилитрямдия", "LastName": "Васильева", "BirthDate": "1991-01-08", "FirstName": "Василиса", "Telephone": "+37517XXXXXXX"})
	{
	  acknowledged: true,
	  insertedId: ObjectId("6506cde620a29e2722bfccf9")
	}

	clinic> db.appointment.bulkWrite([
	... {insertOne: {"document": {"id": 6, "Date": "2022-02-14 00:00:00.000000", "Room_id": 5, "Doctor_id": 7, "Patient_id": 6}}},
	... {updateOne: {filter: {Patient_id: "1"},
	... update: {$set: {Date: "2022-02-09"}}}}])
	{
	  acknowledged: true,
	  insertedCount: 1,
	  insertedIds: { '0': ObjectId("6506d0f820a29e2722bfccfa") },
	  matchedCount: 0,
	  modifiedCount: 0,
	  deletedCount: 0,
	  upsertedCount: 0,
	  upsertedIds: {}
	}
---

